arm,domain,trace,regime,concurrency,output_tok_s,speedup_vs_baseline,saturation_concurrency,saturation_output_tok_s,saturation_speedup_vs_baseline
baseline,conversational,sharegpt,2K,1,107.36116941902627,1.0,302,2250.540777123184,1.0
baseline,conversational,sharegpt,2K,5,451.6312722305965,1.0,302,2250.540777123184,1.0
baseline,conversational,sharegpt,2K,25,1329.1917838517056,1.0,302,2250.540777123184,1.0
baseline,conversational,sharegpt,2K,50,1720.0977422475303,1.0,302,2250.540777123184,1.0
baseline,conversational,sharegpt,2K,100,2043.318192532594,1.0,302,2250.540777123184,1.0
baseline,conversational,sharegpt,2K,200,2214.0261717094754,1.0,302,2250.540777123184,1.0
baseline,conversational,sharegpt,2K,302,2250.540777123184,1.0,302,2250.540777123184,1.0
baseline,code,swebench,2K,1,107.38126585113785,1.0,302,2251.9719310722394,1.0
baseline,code,swebench,2K,5,451.1621309271535,1.0,302,2251.9719310722394,1.0
baseline,code,swebench,2K,25,1328.948296427376,1.0,302,2251.9719310722394,1.0
baseline,code,swebench,2K,50,1721.6185754817427,1.0,302,2251.9719310722394,1.0
baseline,code,swebench,2K,100,2041.5733707519034,1.0,302,2251.9719310722394,1.0
baseline,code,swebench,2K,200,2215.9821599600077,1.0,302,2251.9719310722394,1.0
baseline,code,swebench,2K,302,2251.9719310722394,1.0,302,2251.9719310722394,1.0
baseline,summarization-short,cnn_short,2K,1,98.14357312772496,1.0,302,738.0582887926968,1.0
baseline,summarization-short,cnn_short,2K,5,323.1334443656956,1.0,302,738.0582887926968,1.0
baseline,summarization-short,cnn_short,2K,25,608.0016492531186,1.0,302,738.0582887926968,1.0
baseline,summarization-short,cnn_short,2K,50,676.1614440450259,1.0,302,738.0582887926968,1.0
baseline,summarization-short,cnn_short,2K,100,720.4431144564376,1.0,302,738.0582887926968,1.0
baseline,summarization-short,cnn_short,2K,200,736.5761116188694,1.0,302,738.0582887926968,1.0
baseline,summarization-short,cnn_short,2K,302,738.0582887926968,1.0,302,738.0582887926968,1.0
baseline,summarization-long,cnn_long,2K,1,107.36685390681902,1.0,302,2253.05417914428,1.0
baseline,summarization-long,cnn_long,2K,5,451.0085215321039,1.0,302,2253.05417914428,1.0
baseline,summarization-long,cnn_long,2K,25,1327.9255465696947,1.0,302,2253.05417914428,1.0
baseline,summarization-long,cnn_long,2K,50,1720.0938073973673,1.0,302,2253.05417914428,1.0
baseline,summarization-long,cnn_long,2K,100,2042.99128974009,1.0,302,2253.05417914428,1.0
baseline,summarization-long,cnn_long,2K,200,2215.711789251594,1.0,302,2253.05417914428,1.0
baseline,summarization-long,cnn_long,2K,302,2253.05417914428,1.0,302,2253.05417914428,1.0
baseline,structured-JSON,edgar_json,2K,1,0.0,,302,0.0,
baseline,structured-JSON,edgar_json,2K,5,0.0,,302,0.0,
baseline,structured-JSON,edgar_json,2K,25,0.0,,302,0.0,
baseline,structured-JSON,edgar_json,2K,50,0.0,,302,0.0,
baseline,structured-JSON,edgar_json,2K,100,0.0,,302,0.0,
baseline,structured-JSON,edgar_json,2K,200,0.0,,302,0.0,
baseline,structured-JSON,edgar_json,2K,302,0.0,,302,0.0,
n-gram,conversational,sharegpt,2K,1,135.779353677408,1.26469704467792,293,1969.5063459170365,
n-gram,conversational,sharegpt,2K,5,424.5223729584595,0.9399755930579237,293,1969.5063459170365,
n-gram,conversational,sharegpt,2K,25,1392.7610290927632,1.0478254876484776,293,1969.5063459170365,
n-gram,conversational,sharegpt,2K,50,1695.8247001322723,0.9858885681208196,293,1969.5063459170365,
n-gram,conversational,sharegpt,2K,100,1888.107132847579,0.9240397015735281,293,1969.5063459170365,
n-gram,conversational,sharegpt,2K,200,1954.7700184251685,0.8829028506541401,293,1969.5063459170365,
n-gram,conversational,sharegpt,2K,293,1969.5063459170365,,293,1969.5063459170365,
n-gram,code,swebench,2K,1,149.7802098970875,1.394844889468216,293,1962.6132070452413,
n-gram,code,swebench,2K,5,540.4109310575096,1.1978197947308804,293,1962.6132070452413,
n-gram,code,swebench,2K,25,1399.858537989897,1.0533581643116965,293,1962.6132070452413,
n-gram,code,swebench,2K,50,1700.7621736011758,0.9878855850084385,293,1962.6132070452413,
n-gram,code,swebench,2K,100,1886.937286688279,0.9242564160176754,293,1962.6132070452413,
n-gram,code,swebench,2K,200,1953.8824229751829,0.8817229932078717,293,1962.6132070452413,
n-gram,code,swebench,2K,293,1962.6132070452413,,293,1962.6132070452413,
n-gram,summarization-short,cnn_short,2K,1,114.35422264260289,1.1651728075335228,293,710.458293972969,
n-gram,summarization-short,cnn_short,2K,5,326.2587112977241,1.009671753223079,293,710.458293972969,
n-gram,summarization-short,cnn_short,2K,25,610.1920596726766,1.0036026389439054,293,710.458293972969,
n-gram,summarization-short,cnn_short,2K,50,676.8145284816367,1.0009658705659168,293,710.458293972969,
n-gram,summarization-short,cnn_short,2K,100,707.2183483913427,0.9816435665776712,293,710.458293972969,
n-gram,summarization-short,cnn_short,2K,200,710.3242123553684,0.9643595565354357,293,710.458293972969,
n-gram,summarization-short,cnn_short,2K,293,710.458293972969,,293,710.458293972969,
n-gram,summarization-long,cnn_long,2K,1,149.91951096055138,1.3963295514895382,293,1969.5349116152138,
n-gram,summarization-long,cnn_long,2K,5,541.2745337920152,1.2001425870031726,293,1969.5349116152138,
n-gram,summarization-long,cnn_long,2K,25,1338.6032660998376,1.0080409022612191,293,1969.5349116152138,
n-gram,summarization-long,cnn_long,2K,50,1702.7869691786932,0.9899384335062164,293,1969.5349116152138,
n-gram,summarization-long,cnn_long,2K,100,1883.7488790686025,0.9220542880083711,293,1969.5349116152138,
n-gram,summarization-long,cnn_long,2K,200,1957.0068411326472,0.8832407042405411,293,1969.5349116152138,
n-gram,summarization-long,cnn_long,2K,293,1969.5349116152138,,293,1969.5349116152138,
n-gram,structured-JSON,edgar_json,2K,1,0.0,,293,0.0,
n-gram,structured-JSON,edgar_json,2K,5,0.0,,293,0.0,
n-gram,structured-JSON,edgar_json,2K,25,0.0,,293,0.0,
n-gram,structured-JSON,edgar_json,2K,50,0.0,,293,0.0,
n-gram,structured-JSON,edgar_json,2K,100,0.0,,293,0.0,
n-gram,structured-JSON,edgar_json,2K,200,0.0,,293,0.0,
n-gram,structured-JSON,edgar_json,2K,293,0.0,,293,0.0,
EAGLE3,conversational,sharegpt,2K,1,117.33679397076688,1.092916504223293,283,1204.5413546777424,
EAGLE3,conversational,sharegpt,2K,5,386.75113917616403,0.8563426913862918,283,1204.5413546777424,
EAGLE3,conversational,sharegpt,2K,25,989.980764919102,0.7447990402486203,283,1204.5413546777424,
EAGLE3,conversational,sharegpt,2K,50,1167.8618500364237,0.6789508650307633,283,1204.5413546777424,
EAGLE3,conversational,sharegpt,2K,100,1172.1357909399228,0.573643300012475,283,1204.5413546777424,
EAGLE3,conversational,sharegpt,2K,200,1198.736224577407,0.5414282088869116,283,1204.5413546777424,
EAGLE3,conversational,sharegpt,2K,283,1204.5413546777424,,283,1204.5413546777424,
EAGLE3,code,swebench,2K,1,118.49858251010554,1.1035312498027317,283,1208.785355118687,
EAGLE3,code,swebench,2K,5,504.103879753893,1.117345284982014,283,1208.785355118687,
EAGLE3,code,swebench,2K,25,999.6901578092813,0.752241573653962,283,1208.785355118687,
EAGLE3,code,swebench,2K,50,1152.6647906938,0.6695239044869515,283,1208.785355118687,
EAGLE3,code,swebench,2K,100,1179.0236808722925,0.5775073763026517,283,1208.785355118687,
EAGLE3,code,swebench,2K,200,1198.8375022770738,0.5409960079726948,283,1208.785355118687,
EAGLE3,code,swebench,2K,283,1208.785355118687,,283,1208.785355118687,
EAGLE3,summarization-short,cnn_short,2K,1,108.81059984682805,1.108687980059794,283,566.5335098156445,
EAGLE3,summarization-short,cnn_short,2K,5,312.17901153455773,0.9660993530006119,283,566.5335098156445,
EAGLE3,summarization-short,cnn_short,2K,25,520.9947436781666,0.8568969250628958,283,566.5335098156445,
EAGLE3,summarization-short,cnn_short,2K,50,552.019709722644,0.8164022284682131,283,566.5335098156445,
EAGLE3,summarization-short,cnn_short,2K,100,559.8968171054762,0.7771561777336287,283,566.5335098156445,
EAGLE3,summarization-short,cnn_short,2K,200,565.170853924884,0.7672945741923863,283,566.5335098156445,
EAGLE3,summarization-short,cnn_short,2K,283,566.5335098156445,,283,566.5335098156445,
EAGLE3,summarization-long,cnn_long,2K,1,113.8432415710444,1.0603201773039386,283,1204.1177048527377,
EAGLE3,summarization-long,cnn_long,2K,5,433.89601837917075,0.9620572509477184,283,1204.1177048527377,
EAGLE3,summarization-long,cnn_long,2K,25,1015.543761614284,0.7647595636951505,283,1204.1177048527377,
EAGLE3,summarization-long,cnn_long,2K,50,1148.5566366330183,0.6677290690156439,283,1204.1177048527377,
EAGLE3,summarization-long,cnn_long,2K,100,1165.0330456768438,0.5702584497191173,283,1204.1177048527377,
EAGLE3,summarization-long,cnn_long,2K,200,1203.8321602642043,0.5433162228517209,283,1204.1177048527377,
EAGLE3,summarization-long,cnn_long,2K,283,1204.1177048527377,,283,1204.1177048527377,
EAGLE3,structured-JSON,edgar_json,2K,1,0.0,,283,0.0,
EAGLE3,structured-JSON,edgar_json,2K,5,0.0,,283,0.0,
EAGLE3,structured-JSON,edgar_json,2K,25,0.0,,283,0.0,
EAGLE3,structured-JSON,edgar_json,2K,50,0.0,,283,0.0,
EAGLE3,structured-JSON,edgar_json,2K,100,0.0,,283,0.0,
EAGLE3,structured-JSON,edgar_json,2K,200,0.0,,283,0.0,
EAGLE3,structured-JSON,edgar_json,2K,283,0.0,,283,0.0,
separate-draft,conversational,sharegpt,2K,1,155.24436193253726,1.4460010334520934,169,1525.191961641778,
separate-draft,conversational,sharegpt,2K,5,461.9790064125293,1.0229119080501792,169,1525.191961641778,
separate-draft,conversational,sharegpt,2K,25,1285.8052046738521,0.9673586763739024,169,1525.191961641778,
separate-draft,conversational,sharegpt,2K,50,1437.031127895592,0.8354357386795501,169,1525.191961641778,
separate-draft,conversational,sharegpt,2K,100,1498.9757328974847,0.7335987798550244,169,1525.191961641778,
separate-draft,conversational,sharegpt,2K,169,1525.191961641778,,169,1525.191961641778,
separate-draft,code,swebench,2K,1,151.3758162528118,1.4097041513988426,169,1529.8197514987955,
separate-draft,code,swebench,2K,5,546.7581225822886,1.2118883326015906,169,1529.8197514987955,
separate-draft,code,swebench,2K,25,1283.8228674359948,0.966044255361407,169,1529.8197514987955,
separate-draft,code,swebench,2K,50,1458.2758638599773,0.8470377147574184,169,1529.8197514987955,
separate-draft,code,swebench,2K,100,1496.908785404907,0.7332133181447216,169,1529.8197514987955,
separate-draft,code,swebench,2K,169,1529.8197514987955,,169,1529.8197514987955,
separate-draft,summarization-short,cnn_short,2K,1,123.90923670358953,1.2625303191512387,169,605.9307370161204,
separate-draft,summarization-short,cnn_short,2K,5,355.4727152460642,1.1000802344797516,169,605.9307370161204,
separate-draft,summarization-short,cnn_short,2K,25,559.5360429701791,0.9202870479998276,169,605.9307370161204,
separate-draft,summarization-short,cnn_short,2K,50,593.2157075939813,0.8773285031532777,169,605.9307370161204,
separate-draft,summarization-short,cnn_short,2K,100,602.7426671039105,0.8366277017702778,169,605.9307370161204,
separate-draft,summarization-short,cnn_short,2K,169,605.9307370161204,,169,605.9307370161204,
separate-draft,summarization-long,cnn_long,2K,1,153.65068177940765,1.431081159486681,169,1532.302189693155,
separate-draft,summarization-long,cnn_long,2K,5,578.1386691085777,1.2818797018393462,169,1532.302189693155,
separate-draft,summarization-long,cnn_long,2K,25,1270.724042558503,0.9569241632868989,169,1532.302189693155,
separate-draft,summarization-long,cnn_long,2K,50,1448.4815876641426,0.8420945307952741,169,1532.302189693155,
separate-draft,summarization-long,cnn_long,2K,100,1497.4409971051523,0.7329649444054445,169,1532.302189693155,
separate-draft,summarization-long,cnn_long,2K,169,1532.302189693155,,169,1532.302189693155,
separate-draft,structured-JSON,edgar_json,2K,1,0.0,,169,0.0,
separate-draft,structured-JSON,edgar_json,2K,5,0.0,,169,0.0,
separate-draft,structured-JSON,edgar_json,2K,25,0.0,,169,0.0,
separate-draft,structured-JSON,edgar_json,2K,50,0.0,,169,0.0,
separate-draft,structured-JSON,edgar_json,2K,100,0.0,,169,0.0,
separate-draft,structured-JSON,edgar_json,2K,169,0.0,,169,0.0,
baseline,conversational,sharegpt,8K,1,100.62861069838027,1.0,75,962.1877362144567,1.0
baseline,conversational,sharegpt,8K,5,364.2549445290225,1.0,75,962.1877362144567,1.0
baseline,conversational,sharegpt,8K,25,782.2460971836288,1.0,75,962.1877362144567,1.0
baseline,conversational,sharegpt,8K,50,911.2107512630513,1.0,75,962.1877362144567,1.0
baseline,conversational,sharegpt,8K,75,962.1877362144567,1.0,75,962.1877362144567,1.0
baseline,code,swebench,8K,1,100.607885410203,1.0,75,962.7469203500643,1.0
baseline,code,swebench,8K,5,363.94425919753803,1.0,75,962.7469203500643,1.0
baseline,code,swebench,8K,25,782.9649723616841,1.0,75,962.7469203500643,1.0
baseline,code,swebench,8K,50,910.5029918769947,1.0,75,962.7469203500643,1.0
baseline,code,swebench,8K,75,962.7469203500643,1.0,75,962.7469203500643,1.0
baseline,summarization-short,cnn_short,8K,1,82.85040958852818,1.0,75,311.3600589107121,1.0
baseline,summarization-short,cnn_short,8K,5,202.68525542667624,1.0,75,311.3600589107121,1.0
baseline,summarization-short,cnn_short,8K,25,291.10869487862567,1.0,75,311.3600589107121,1.0
baseline,summarization-short,cnn_short,8K,50,307.3082694457112,1.0,75,311.3600589107121,1.0
baseline,summarization-short,cnn_short,8K,75,311.3600589107121,1.0,75,311.3600589107121,1.0
baseline,summarization-long,cnn_long,8K,1,92.59714599428494,1.0,75,505.9459490786254,1.0
baseline,summarization-long,cnn_long,8K,5,270.2069118671581,1.0,75,505.9459490786254,1.0
baseline,summarization-long,cnn_long,8K,25,450.3546076607402,1.0,75,505.9459490786254,1.0
baseline,summarization-long,cnn_long,8K,50,492.6688672716151,1.0,75,505.9459490786254,1.0
baseline,summarization-long,cnn_long,8K,75,505.9459490786254,1.0,75,505.9459490786254,1.0
baseline,structured-JSON,edgar_json,8K,1,102.05927752787998,1.0,75,1115.109371895386,1.0
baseline,structured-JSON,edgar_json,8K,5,383.79298070911057,1.0,75,1115.109371895386,1.0
baseline,structured-JSON,edgar_json,8K,25,881.6860126973311,1.0,75,1115.109371895386,1.0
baseline,structured-JSON,edgar_json,8K,50,1045.2763958113521,1.0,75,1115.109371895386,1.0
baseline,structured-JSON,edgar_json,8K,75,1115.109371895386,1.0,75,1115.109371895386,1.0
n-gram,conversational,sharegpt,8K,1,121.95861729347713,1.2119676148469394,73,909.2560896094332,
n-gram,conversational,sharegpt,8K,5,335.26001179410986,0.9203993434532433,73,909.2560896094332,
n-gram,conversational,sharegpt,8K,25,787.8545872651223,1.0071697258723133,73,909.2560896094332,
n-gram,conversational,sharegpt,8K,50,873.8406606116212,0.9589885319069924,73,909.2560896094332,
n-gram,conversational,sharegpt,8K,73,909.2560896094332,,73,909.2560896094332,
n-gram,code,swebench,8K,1,132.2923940319105,1.3149306686302173,73,909.3386888767559,
n-gram,code,swebench,8K,5,392.1297549376467,1.0774445400025128,73,909.3386888767559,
n-gram,code,swebench,8K,25,792.8836971095849,1.0126681589828759,73,909.3386888767559,
n-gram,code,swebench,8K,50,877.2541810126653,0.9634830295331736,73,909.3386888767559,
n-gram,code,swebench,8K,73,909.3386888767559,,73,909.3386888767559,
n-gram,summarization-short,cnn_short,8K,1,103.26663180187384,1.246422707078235,73,305.0527163593383,
n-gram,summarization-short,cnn_short,8K,5,216.31364145413193,1.0672391585602334,73,305.0527163593383,
n-gram,summarization-short,cnn_short,8K,25,293.08504226163177,1.006789035909182,73,305.0527163593383,
n-gram,summarization-short,cnn_short,8K,50,302.38947764927764,0.9839939491205183,73,305.0527163593383,
n-gram,summarization-short,cnn_short,8K,73,305.0527163593383,,73,305.0527163593383,
n-gram,summarization-long,cnn_long,8K,1,131.12070305167205,1.4160339570267615,73,474.5726188026211,
n-gram,summarization-long,cnn_long,8K,5,286.9392112606368,1.0619240243628734,73,474.5726188026211,
n-gram,summarization-long,cnn_long,8K,25,442.06488173155026,0.9815928919385349,73,474.5726188026211,
n-gram,summarization-long,cnn_long,8K,50,470.0343840331132,0.9540574110886061,73,474.5726188026211,
n-gram,summarization-long,cnn_long,8K,73,474.5726188026211,,73,474.5726188026211,
n-gram,structured-JSON,edgar_json,8K,1,142.4935582075044,1.3961842730914769,73,1032.8163524198787,
n-gram,structured-JSON,edgar_json,8K,5,430.15716097044765,1.1208051803752972,73,1032.8163524198787,
n-gram,structured-JSON,edgar_json,8K,25,898.6181461701301,1.0192042668579926,73,1032.8163524198787,
n-gram,structured-JSON,edgar_json,8K,50,996.0071895010719,0.9528649010848111,73,1032.8163524198787,
n-gram,structured-JSON,edgar_json,8K,73,1032.8163524198787,,73,1032.8163524198787,
EAGLE3,conversational,sharegpt,8K,1,93.29397725143981,0.9271118482503454,70,578.2533110178623,
EAGLE3,conversational,sharegpt,8K,5,286.52254164170927,0.7865989081141497,70,578.2533110178623,
EAGLE3,conversational,sharegpt,8K,25,564.8479189961045,0.722084675180564,70,578.2533110178623,
EAGLE3,conversational,sharegpt,8K,50,572.9665826945159,0.628796995536228,70,578.2533110178623,
EAGLE3,conversational,sharegpt,8K,70,578.2533110178623,,70,578.2533110178623,
EAGLE3,code,swebench,8K,1,93.73202287468783,0.9316568228476267,70,576.4114546619642,
EAGLE3,code,swebench,8K,5,310.0643785465283,0.8519556792300841,70,576.4114546619642,
EAGLE3,code,swebench,8K,25,558.8655224981028,0.7137810019934577,70,576.4114546619642,
EAGLE3,code,swebench,8K,50,572.1786340299577,0.6284203776754386,70,576.4114546619642,
EAGLE3,code,swebench,8K,70,576.4114546619642,,70,576.4114546619642,
EAGLE3,summarization-short,cnn_short,8K,1,79.07513718949609,0.954432664632779,70,251.23305985953482,
EAGLE3,summarization-short,cnn_short,8K,5,186.6860911537928,0.921063995310348,70,251.23305985953482,
EAGLE3,summarization-short,cnn_short,8K,25,244.40997712699874,0.8395832258768587,70,251.23305985953482,
EAGLE3,summarization-short,cnn_short,8K,50,249.31406204093813,0.8112832840151792,70,251.23305985953482,
EAGLE3,summarization-short,cnn_short,8K,70,251.23305985953482,,70,251.23305985953482,
EAGLE3,summarization-long,cnn_long,8K,1,75.37198202313324,0.8139773770974018,70,303.29883355075236,
EAGLE3,summarization-long,cnn_long,8K,5,219.66833636747012,0.8129634243977657,70,303.29883355075236,
EAGLE3,summarization-long,cnn_long,8K,25,304.94832407965026,0.6771293529417446,70,303.29883355075236,
EAGLE3,summarization-long,cnn_long,8K,50,307.54444220875774,0.6242416816632423,70,303.29883355075236,
EAGLE3,summarization-long,cnn_long,8K,70,303.29883355075236,,70,303.29883355075236,
EAGLE3,structured-JSON,edgar_json,8K,1,99.08424867582708,0.9708499910628879,70,630.3194907314064,
EAGLE3,structured-JSON,edgar_json,8K,5,345.84950396099146,0.9011355635582149,70,630.3194907314064,
EAGLE3,structured-JSON,edgar_json,8K,25,593.7739928457898,0.6734528894580787,70,630.3194907314064,
EAGLE3,structured-JSON,edgar_json,8K,50,628.6862708833823,0.6014545754622067,70,630.3194907314064,
EAGLE3,structured-JSON,edgar_json,8K,70,630.3194907314064,,70,630.3194907314064,
separate-draft,conversational,sharegpt,8K,1,128.93076305559956,1.2812535337693463,43,707.3768151992351,
separate-draft,conversational,sharegpt,8K,5,366.6296969339254,1.0065194788446137,43,707.3768151992351,
separate-draft,conversational,sharegpt,8K,25,682.6013181571212,0.872617096607749,43,707.3768151992351,
separate-draft,conversational,sharegpt,8K,43,707.3768151992351,,43,707.3768151992351,
separate-draft,code,swebench,8K,1,137.44113945412957,1.366107029222892,43,711.4528428345716,
separate-draft,code,swebench,8K,5,423.63835315356926,1.1640198806477975,43,711.4528428345716,
separate-draft,code,swebench,8K,25,680.0665261892389,0.8685784807689811,43,711.4528428345716,
separate-draft,code,swebench,8K,43,711.4528428345716,,43,711.4528428345716,
separate-draft,summarization-short,cnn_short,8K,1,98.24573261079344,1.1858207231409628,43,260.9200099859039,
separate-draft,summarization-short,cnn_short,8K,5,213.40476981177918,1.0528874898301661,43,260.9200099859039,
separate-draft,summarization-short,cnn_short,8K,25,258.4856557075789,0.8879351948431202,43,260.9200099859039,
separate-draft,summarization-short,cnn_short,8K,43,260.9200099859039,,43,260.9200099859039,
separate-draft,summarization-long,cnn_long,8K,1,110.4449757178062,1.1927470823412076,43,372.2758307297973,
separate-draft,summarization-long,cnn_long,8K,5,266.59128173351706,0.9866190316574189,43,372.2758307297973,
separate-draft,summarization-long,cnn_long,8K,25,364.24720805137264,0.8088008912429431,43,372.2758307297973,
separate-draft,summarization-long,cnn_long,8K,43,372.2758307297973,,43,372.2758307297973,
separate-draft,structured-JSON,edgar_json,8K,1,140.5803684651331,1.377438405114421,43,810.9145782671017,
separate-draft,structured-JSON,edgar_json,8K,5,424.1753073065271,1.1052190337686858,43,810.9145782671017,
separate-draft,structured-JSON,edgar_json,8K,25,757.0084612683719,0.8585918914064036,43,810.9145782671017,
separate-draft,structured-JSON,edgar_json,8K,43,810.9145782671017,,43,810.9145782671017,
baseline,conversational,sharegpt,32K,1,100.7073496451336,1.0,18,660.095862465186,1.0
baseline,conversational,sharegpt,32K,5,364.22846652098775,1.0,18,660.095862465186,1.0
baseline,conversational,sharegpt,32K,18,660.095862465186,1.0,18,660.095862465186,1.0
baseline,code,swebench,32K,1,100.74678585237226,1.0,18,660.1179832699345,1.0
baseline,code,swebench,32K,5,364.25405150066183,1.0,18,660.1179832699345,1.0
baseline,code,swebench,32K,18,660.1179832699345,1.0,18,660.1179832699345,1.0
baseline,summarization-short,cnn_short,32K,1,83.07878949153405,1.0,18,273.1593831710973,1.0
baseline,summarization-short,cnn_short,32K,5,203.3963962519204,1.0,18,273.1593831710973,1.0
baseline,summarization-short,cnn_short,32K,18,273.1593831710973,1.0,18,273.1593831710973,1.0
baseline,summarization-long,cnn_long,32K,1,90.98438809920013,1.0,18,391.5867961081609,1.0
baseline,summarization-long,cnn_long,32K,5,264.03960173377874,1.0,18,391.5867961081609,1.0
baseline,summarization-long,cnn_long,32K,18,391.5867961081609,1.0,18,391.5867961081609,1.0
baseline,structured-JSON,edgar_json,32K,1,102.23084518091667,1.0,18,728.6310952056789,1.0
baseline,structured-JSON,edgar_json,32K,5,384.4027387863438,1.0,18,728.6310952056789,1.0
baseline,structured-JSON,edgar_json,32K,18,728.6310952056789,1.0,18,728.6310952056789,1.0
n-gram,conversational,sharegpt,32K,1,121.73784831888709,1.208827843725999,18,698.2672312114436,1.0578270080404735
n-gram,conversational,sharegpt,32K,5,364.5475844898009,1.0008761477977306,18,698.2672312114436,1.0578270080404735
n-gram,conversational,sharegpt,32K,18,698.2672312114436,1.0578270080404735,18,698.2672312114436,1.0578270080404735
n-gram,code,swebench,32K,1,135.68902417820422,1.3468322887941462,18,656.9558901246373,0.9952098060870369
n-gram,code,swebench,32K,5,411.7116249337678,1.1302870159922427,18,656.9558901246373,0.9952098060870369
n-gram,code,swebench,32K,18,656.9558901246373,0.9952098060870369,18,656.9558901246373,0.9952098060870369
n-gram,summarization-short,cnn_short,32K,1,93.66960008734333,1.127479115435216,18,277.9814954995534,1.0176531088644158
n-gram,summarization-short,cnn_short,32K,5,211.7971796569124,1.0413025184309905,18,277.9814954995534,1.0176531088644158
n-gram,summarization-short,cnn_short,32K,18,277.9814954995534,1.0176531088644158,18,277.9814954995534,1.0176531088644158
n-gram,summarization-long,cnn_long,32K,1,126.06594392236354,1.3855777519206267,18,392.18210022159303,1.0015202354097448
n-gram,summarization-long,cnn_long,32K,5,287.2539710385489,1.08792002848185,18,392.18210022159303,1.0015202354097448
n-gram,summarization-long,cnn_long,32K,18,392.18210022159303,1.0015202354097448,18,392.18210022159303,1.0015202354097448
n-gram,structured-JSON,edgar_json,32K,1,146.71880397420267,1.4351715836307153,18,753.0216266987908,1.033474458685059
n-gram,structured-JSON,edgar_json,32K,5,476.2305211961086,1.2388843084200916,18,753.0216266987908,1.033474458685059
n-gram,structured-JSON,edgar_json,32K,18,753.0216266987908,1.033474458685059,18,753.0216266987908,1.033474458685059
EAGLE3,conversational,sharegpt,32K,1,93.96451680843283,0.9330452756381659,17,526.4427088654297,
EAGLE3,conversational,sharegpt,32K,5,290.67627529227707,0.7980602891057325,17,526.4427088654297,
EAGLE3,conversational,sharegpt,32K,17,526.4427088654297,,17,526.4427088654297,
EAGLE3,code,swebench,32K,1,92.73163020305445,0.9204425671597832,17,522.7022560701187,
EAGLE3,code,swebench,32K,5,309.5472484909872,0.8498114083171009,17,522.7022560701187,
EAGLE3,code,swebench,32K,17,522.7022560701187,,17,522.7022560701187,
EAGLE3,summarization-short,cnn_short,32K,1,75.03194899076836,0.9031420588815189,17,240.2062842214077,
EAGLE3,summarization-short,cnn_short,32K,5,191.03488015906092,0.9392245078051977,17,240.2062842214077,
EAGLE3,summarization-short,cnn_short,32K,17,240.2062842214077,,17,240.2062842214077,
EAGLE3,summarization-long,cnn_long,32K,1,73.05891923329304,0.8029830255454048,17,277.33134998663246,
EAGLE3,summarization-long,cnn_long,32K,5,211.55892241895842,0.8012393634507349,17,277.33134998663246,
EAGLE3,summarization-long,cnn_long,32K,17,277.33134998663246,,17,277.33134998663246,
EAGLE3,structured-JSON,edgar_json,32K,1,91.1123979812539,0.8912417560474376,17,533.680385924558,
EAGLE3,structured-JSON,edgar_json,32K,5,325.54825226264563,0.8468936857486589,17,533.680385924558,
EAGLE3,structured-JSON,edgar_json,32K,17,533.680385924558,,17,533.680385924558,
separate-draft,conversational,sharegpt,32K,1,128.7796495808482,1.2787512533557288,10,555.1324718096013,
separate-draft,conversational,sharegpt,32K,5,367.38355448856015,1.0086623870937628,10,555.1324718096013,
separate-draft,conversational,sharegpt,32K,10,555.1324718096013,,10,555.1324718096013,
separate-draft,code,swebench,32K,1,134.6029157887404,1.3360517127164604,10,537.2454313406296,
separate-draft,code,swebench,32K,5,418.8846936951516,1.1499795046051546,10,537.2454313406296,
separate-draft,code,swebench,32K,10,537.2454313406296,,10,537.2454313406296,
separate-draft,summarization-short,cnn_short,32K,1,92.28991024717726,1.1108721108241695,10,239.04426568740175,
separate-draft,summarization-short,cnn_short,32K,5,214.66308104783622,1.0553927454150231,10,239.04426568740175,
separate-draft,summarization-short,cnn_short,32K,10,239.04426568740175,,10,239.04426568740175,
separate-draft,summarization-long,cnn_long,32K,1,105.42072636791643,1.158668300906485,10,305.0879170452136,
separate-draft,summarization-long,cnn_long,32K,5,271.0469237933185,1.0265389055790388,10,305.0879170452136,
separate-draft,summarization-long,cnn_long,32K,10,305.0879170452136,,10,305.0879170452136,
separate-draft,structured-JSON,edgar_json,32K,1,137.974074959007,1.3496325371744307,10,596.0037985872602,
separate-draft,structured-JSON,edgar_json,32K,5,457.108507567316,1.1891395701563485,10,596.0037985872602,
separate-draft,structured-JSON,edgar_json,32K,10,596.0037985872602,,10,596.0037985872602,
separate-draft-1.7B,conversational,sharegpt,8K,1,133.85971841530275,1.3302351834760784,41,695.8405893784482,
separate-draft-1.7B,conversational,sharegpt,8K,5,409.5636570379981,1.124387364370741,41,695.8405893784482,
separate-draft-1.7B,conversational,sharegpt,8K,25,665.773503943918,0.8511049225313432,41,695.8405893784482,
separate-draft-1.7B,conversational,sharegpt,8K,41,695.8405893784482,,41,695.8405893784482,
separate-draft-1.7B,code,swebench,8K,1,131.84206701022336,1.3104546077344827,41,699.9737043092215,
separate-draft-1.7B,code,swebench,8K,5,400.72781661236473,1.101069206300797,41,699.9737043092215,
separate-draft-1.7B,code,swebench,8K,25,665.6956479069288,0.8502240475700569,41,699.9737043092215,
separate-draft-1.7B,code,swebench,8K,41,699.9737043092215,,41,699.9737043092215,
separate-draft-1.7B,summarization-short,cnn_short,8K,1,96.17806448119055,1.160864079717329,41,249.46924753567404,
separate-draft-1.7B,summarization-short,cnn_short,8K,5,197.46539602034687,0.9742464769065665,41,249.46924753567404,
separate-draft-1.7B,summarization-short,cnn_short,8K,25,247.14713090070066,0.8489857405452823,41,249.46924753567404,
separate-draft-1.7B,summarization-short,cnn_short,8K,41,249.46924753567404,,41,249.46924753567404,
separate-draft-1.7B,summarization-long,cnn_long,8K,1,110.66223840752873,1.1950934040057646,41,365.0515935713112,
separate-draft-1.7B,summarization-long,cnn_long,8K,5,277.6696040813561,1.0276184356744615,41,365.0515935713112,
separate-draft-1.7B,summarization-long,cnn_long,8K,25,361.32928721858286,0.8023217284162403,41,365.0515935713112,
separate-draft-1.7B,summarization-long,cnn_long,8K,41,365.0515935713112,,41,365.0515935713112,
separate-draft-1.7B,structured-JSON,edgar_json,8K,1,139.41022196733454,1.365973043746574,41,793.6588751929972,
separate-draft-1.7B,structured-JSON,edgar_json,8K,5,447.68328041773196,1.1664707353182313,41,793.6588751929972,
separate-draft-1.7B,structured-JSON,edgar_json,8K,25,747.8509058938423,0.8482054780544281,41,793.6588751929972,
separate-draft-1.7B,structured-JSON,edgar_json,8K,41,793.6588751929972,,41,793.6588751929972,
baseline,conversational,sharegpt,128K,1,100.37706111952586,1.0,4,308.18184639885044,1.0
baseline,conversational,sharegpt,128K,4,308.18184639885044,1.0,4,308.18184639885044,1.0
baseline,code,swebench,128K,1,100.35589477770532,1.0,4,308.24546323820516,1.0
baseline,code,swebench,128K,4,308.24546323820516,1.0,4,308.24546323820516,1.0
baseline,summarization-short,cnn_short,128K,1,82.85233401544396,1.0,4,186.48586333373285,1.0
baseline,summarization-short,cnn_short,128K,4,186.48586333373285,1.0,4,186.48586333373285,1.0
baseline,summarization-long,cnn_long,128K,1,90.71427469935495,1.0,4,234.63124178448103,1.0
baseline,summarization-long,cnn_long,128K,4,234.63124178448103,1.0,4,234.63124178448103,1.0
baseline,structured-JSON,edgar_json,128K,1,101.88563011726386,1.0,4,322.4687300285376,1.0
baseline,structured-JSON,edgar_json,128K,4,322.4687300285376,1.0,4,322.4687300285376,1.0
n-gram,conversational,sharegpt,128K,1,126.09632660077872,1.2562265242118134,4,281.4007034390722,0.9130995440752926
n-gram,conversational,sharegpt,128K,4,281.4007034390722,0.9130995440752926,4,281.4007034390722,0.9130995440752926
n-gram,code,swebench,128K,1,122.3512762162633,1.2191737863259469,4,344.3274784653734,1.1170561112177178
n-gram,code,swebench,128K,4,344.3274784653734,1.1170561112177178,4,344.3274784653734,1.1170561112177178
n-gram,summarization-short,cnn_short,128K,1,97.27243057148522,1.1740457493129077,4,196.81368839587864,1.0553812759719123
n-gram,summarization-short,cnn_short,128K,4,196.81368839587864,1.0553812759719123,4,196.81368839587864,1.0553812759719123
n-gram,summarization-long,cnn_long,128K,1,118.18998053951876,1.3028818334404781,4,247.40324192693083,1.0544343542885113
n-gram,summarization-long,cnn_long,128K,4,247.40324192693083,1.0544343542885113,4,247.40324192693083,1.0544343542885113
n-gram,structured-JSON,edgar_json,128K,1,134.70359586142646,1.3221059309972487,4,358.24446092330334,1.110943256084395
n-gram,structured-JSON,edgar_json,128K,4,358.24446092330334,1.110943256084395,4,358.24446092330334,1.110943256084395
EAGLE3,conversational,sharegpt,128K,1,94.18591268700328,0.93832108289014,4,250.68290424757072,0.8134252785387485
EAGLE3,conversational,sharegpt,128K,4,250.68290424757072,0.8134252785387485,4,250.68290424757072,0.8134252785387485
EAGLE3,code,swebench,128K,1,95.12520372090881,0.9478785868196102,4,286.68138277009473,0.9300425049518208
EAGLE3,code,swebench,128K,4,286.68138277009473,0.9300425049518208,4,286.68138277009473,0.9300425049518208
EAGLE3,summarization-short,cnn_short,128K,1,75.86282837008902,0.9156390012615447,4,176.60712852720795,0.9470268972139404
EAGLE3,summarization-short,cnn_short,128K,4,176.60712852720795,0.9470268972139404,4,176.60712852720795,0.9470268972139404
EAGLE3,summarization-long,cnn_long,128K,1,72.14680211115095,0.7953191749618208,4,184.1687663142047,0.7849285752123824
EAGLE3,summarization-long,cnn_long,128K,4,184.1687663142047,0.7849285752123824,4,184.1687663142047,0.7849285752123824
EAGLE3,structured-JSON,edgar_json,128K,1,95.4683750419716,0.9370151112781419,4,295.1153902423773,0.9151752178149504
EAGLE3,structured-JSON,edgar_json,128K,4,295.1153902423773,0.9151752178149504,4,295.1153902423773,0.9151752178149504
separate-draft,conversational,sharegpt,128K,1,131.86566292539572,1.313703165391286,2,242.6491160449144,
separate-draft,conversational,sharegpt,128K,2,242.6491160449144,,2,242.6491160449144,
separate-draft,code,swebench,128K,1,128.48213271184684,1.280264931087934,2,238.73958398013983,
separate-draft,code,swebench,128K,2,238.73958398013983,,2,238.73958398013983,
separate-draft,summarization-short,cnn_short,128K,1,89.99538115524379,1.0862141932956089,2,144.4594454944222,
separate-draft,summarization-short,cnn_short,128K,2,144.4594454944222,,2,144.4594454944222,
separate-draft,summarization-long,cnn_long,128K,1,108.86300726111361,1.2000647926900938,2,168.93929274660067,
separate-draft,summarization-long,cnn_long,128K,2,168.93929274660067,,2,168.93929274660067,
separate-draft,structured-JSON,edgar_json,128K,1,137.75032712579485,1.3520093752892632,2,242.33156040581088,
separate-draft,structured-JSON,edgar_json,128K,2,242.33156040581088,,2,242.33156040581088,
