arm,domain,regime,concurrency,output_tok_s,cost_per_1M_output_tokens_USD,h200_usd_per_hr
baseline,conversational,2K,1,107.36116941902627,11.565323602432946,4.47
baseline,conversational,2K,5,451.6312722305965,2.7492929365455656,4.47
baseline,conversational,2K,25,1329.1917838517056,0.9341516263880217,4.47
baseline,conversational,2K,50,1720.0977422475303,0.7218582038508279,4.47
baseline,conversational,2K,100,2043.318192532594,0.6076717131988537,4.47
baseline,conversational,2K,200,2214.0261717094754,0.56081842325647,4.47
baseline,conversational,2K,302,2250.540777123184,0.551719248674917,4.47
baseline,code,2K,1,107.38126585113785,11.563159149082702,4.47
baseline,code,2K,5,451.1621309271535,2.752151791009142,4.47
baseline,code,2K,25,1328.948296427376,0.9343227799039666,4.47
baseline,code,2K,50,1721.6185754817427,0.7212205330203433,4.47
baseline,code,2K,100,2041.5733707519034,0.6081910571792801,4.47
baseline,code,2K,200,2215.9821599600077,0.5603234038170575,4.47
baseline,code,2K,302,2251.9719310722394,0.5513686247747623,4.47
baseline,summarization-short,2K,1,98.14357312772496,12.651533127398471,4.47
baseline,summarization-short,2K,5,323.1334443656956,3.842581720700663,4.47
baseline,summarization-short,2K,25,608.0016492531186,2.0422093726093586,4.47
baseline,summarization-short,2K,50,676.1614440450259,1.836346448916989,4.47
baseline,summarization-short,2K,100,720.4431144564376,1.723476346364256,4.47
baseline,summarization-short,2K,200,736.5761116188694,1.685727580735267,4.47
baseline,summarization-short,2K,302,738.0582887926968,1.6823422831518684,4.47
baseline,summarization-long,2K,1,107.36685390681902,11.564711281791658,4.47
baseline,summarization-long,2K,5,451.0085215321039,2.7530891488450107,4.47
baseline,summarization-long,2K,25,1327.9255465696947,0.9350423823640923,4.47
baseline,summarization-long,2K,50,1720.0938073973673,0.7218598551583665,4.47
baseline,summarization-long,2K,100,2042.99128974009,0.6077689478669446,4.47
baseline,summarization-long,2K,200,2215.711789251594,0.5603917768953458,4.47
baseline,summarization-long,2K,302,2253.05417914428,0.5511037764472477,4.47
n-gram,conversational,2K,1,135.779353677408,9.144738379125636,4.47
n-gram,conversational,2K,5,424.5223729584595,2.924855663115231,4.47
n-gram,conversational,2K,25,1392.7610290927632,0.8915145101923777,4.47
n-gram,conversational,2K,50,1695.8247001322723,0.7321904596446898,4.47
n-gram,conversational,2K,100,1888.107132847579,0.6576251130379595,4.47
n-gram,conversational,2K,200,1954.7700184251685,0.6351983378929645,4.47
n-gram,conversational,2K,293,1969.5063459170365,0.6304456287946232,4.47
n-gram,code,2K,1,149.7802098970875,8.289924733847037,4.47
n-gram,code,2K,5,540.4109310575096,2.2976342544309682,4.47
n-gram,code,2K,25,1399.858537989897,0.886994387625493,4.47
n-gram,code,2K,50,1700.7621736011758,0.7300648414807902,4.47
n-gram,code,2K,100,1886.937286688279,0.6580328214542243,4.47
n-gram,code,2K,200,1953.8824229751829,0.6354868911589762,4.47
n-gram,code,2K,293,1962.6132070452413,0.6326598955970667,4.47
n-gram,summarization-short,2K,1,114.35422264260289,10.858074480968762,4.47
n-gram,summarization-short,2K,5,326.2587112977241,3.805773221281427,4.47
n-gram,summarization-short,2K,25,610.1920596726766,2.0348784402942415,4.47
n-gram,summarization-short,2K,50,676.8145284816367,1.8345744874186096,4.47
n-gram,summarization-short,2K,100,707.2183483913427,1.755704825095381,4.47
n-gram,summarization-short,2K,200,710.3242123553684,1.7480280765728322,4.47
n-gram,summarization-short,2K,293,710.458293972969,1.7476981790487882,4.47
n-gram,summarization-long,2K,1,149.91951096055138,8.282221965047558,4.47
n-gram,summarization-long,2K,5,541.2745337920152,2.293968382306671,4.47
n-gram,summarization-long,2K,25,1338.6032660998376,0.9275837719150305,4.47
n-gram,summarization-long,2K,50,1702.7869691786932,0.7291967164075497,4.47
n-gram,summarization-long,2K,100,1883.7488790686025,0.6591465988187312,4.47
n-gram,summarization-long,2K,200,1957.0068411326472,0.6344723179138368,4.47
n-gram,summarization-long,2K,293,1969.5349116152138,0.630436484950844,4.47
EAGLE3,conversational,2K,1,117.33679397076688,10.582074255207736,4.47
EAGLE3,conversational,2K,5,386.75113917616403,3.2105055186433233,4.47
EAGLE3,conversational,2K,25,989.980764919102,1.254233123173996,4.47
EAGLE3,conversational,2K,50,1167.8618500364237,1.0631965301614579,4.47
EAGLE3,conversational,2K,100,1172.1357909399228,1.0593198128273074,4.47
EAGLE3,conversational,2K,200,1198.736224577407,1.035813084821387,4.47
EAGLE3,conversational,2K,283,1204.5413546777424,1.0308211186313787,4.47
EAGLE3,code,2K,1,118.49858251010554,10.478325059802108,4.47
EAGLE3,code,2K,5,504.103879753893,2.46311666411466,4.47
EAGLE3,code,2K,25,999.6901578092813,1.2420515066264652,4.47
EAGLE3,code,2K,50,1152.6647906938,1.0772140145959483,4.47
EAGLE3,code,2K,100,1179.0236808722925,1.0531312363022498,4.47
EAGLE3,code,2K,200,1198.8375022770738,1.0357255794119244,4.47
EAGLE3,code,2K,283,1208.785355118687,1.02720194400829,4.47
EAGLE3,summarization-short,2K,1,108.81059984682805,11.411265707702674,4.47
EAGLE3,summarization-short,2K,5,312.17901153455773,3.9774187911067043,4.47
EAGLE3,summarization-short,2K,25,520.9947436781666,2.383261408552098,4.47
EAGLE3,summarization-short,2K,50,552.019709722644,2.2493158211516175,4.47
EAGLE3,summarization-short,2K,100,559.8968171054762,2.2176705220182655,4.47
EAGLE3,summarization-short,2K,200,565.170853924884,2.196975760593087,4.47
EAGLE3,summarization-short,2K,283,566.5335098156445,2.1916914801221856,4.47
EAGLE3,summarization-long,2K,1,113.8432415710444,10.906810536414662,4.47
EAGLE3,summarization-long,2K,5,433.89601837917075,2.861668727233181,4.47
EAGLE3,summarization-long,2K,25,1015.543761614284,1.2226619015343494,4.47
EAGLE3,summarization-long,2K,50,1148.5566366330183,1.081066990572271,4.47
EAGLE3,summarization-long,2K,100,1165.0330456768438,1.0657780663597411,4.47
EAGLE3,summarization-long,2K,200,1203.8321602642043,1.0314283898132102,4.47
EAGLE3,summarization-long,2K,283,1204.1177048527377,1.031183796785482,4.47
separate-draft,conversational,2K,1,155.24436193253726,7.99814338640036,4.47
separate-draft,conversational,2K,5,461.9790064125293,2.687712319026693,4.47
separate-draft,conversational,2K,25,1285.8052046738521,0.965672453458157,4.47
separate-draft,conversational,2K,50,1437.031127895592,0.8640499447530969,4.47
separate-draft,conversational,2K,100,1498.9757328974847,0.8283434077125147,4.47
separate-draft,conversational,2K,169,1525.191961641778,0.8141051735744047,4.47
separate-draft,code,2K,1,151.3758162528118,8.202543163123012,4.47
separate-draft,code,2K,5,546.7581225822886,2.270961537438874,4.47
separate-draft,code,2K,25,1283.8228674359948,0.9671635380248982,4.47
separate-draft,code,2K,50,1458.2758638599773,0.8514621255405285,4.47
separate-draft,code,2K,100,1496.908785404907,0.8294871930561897,4.47
separate-draft,code,2K,169,1529.8197514987955,0.8116424601330847,4.47
separate-draft,summarization-short,2K,1,123.90923670358953,10.0207756879088,4.47
separate-draft,summarization-short,2K,5,355.4727152460642,3.4930013286875305,4.47
separate-draft,summarization-short,2K,25,559.5360429701791,2.219100417688092,4.47
separate-draft,summarization-short,2K,50,593.2157075939813,2.093111579433276,4.47
separate-draft,summarization-short,2K,100,602.7426671039105,2.0600278268546863,4.47
separate-draft,summarization-short,2K,169,605.9307370161204,2.0491891082819143,4.47
separate-draft,summarization-long,2K,1,153.65068177940765,8.081100925079499,4.47
separate-draft,summarization-long,2K,5,578.1386691085777,2.1476969678938302,4.47
separate-draft,summarization-long,2K,25,1270.724042558503,0.9771332130984697,4.47
separate-draft,summarization-long,2K,50,1448.4815876641426,0.8572195029893402,4.47
separate-draft,summarization-long,2K,100,1497.4409971051523,0.829192381581012,4.47
separate-draft,summarization-long,2K,169,1532.302189693155,0.8103275417986002,4.47
baseline,conversational,8K,1,100.62861069838027,12.339101752963511,4.47
baseline,conversational,8K,5,364.2549445290225,3.4087846584268813,4.47
baseline,conversational,8K,25,782.2460971836288,1.5873095067359484,4.47
baseline,conversational,8K,50,911.2107512630513,1.3626558564476574,4.47
baseline,conversational,8K,75,962.1877362144567,1.2904619544952487,4.47
baseline,code,8K,1,100.607885410203,12.341643615747289,4.47
baseline,code,8K,5,363.94425919753803,3.411694607862264,4.47
baseline,code,8K,25,782.9649723616841,1.5858521268472392,4.47
baseline,code,8K,50,910.5029918769947,1.363715086874103,4.47
baseline,code,8K,75,962.7469203500643,1.289712426413355,4.47
baseline,summarization-short,8K,1,82.85040958852818,14.986850069098429,4.47
baseline,summarization-short,8K,5,202.68525542667624,6.12608284728365,4.47
baseline,summarization-short,8K,25,291.10869487862567,4.265302577734289,4.47
baseline,summarization-short,8K,50,307.3082694457112,4.040459662560491,4.47
baseline,summarization-short,8K,75,311.3600589107121,3.9878803691475917,4.47
baseline,summarization-long,8K,1,92.59714599428494,13.4093405723682,4.47
baseline,summarization-long,8K,5,270.2069118671581,4.595243911736453,4.47
baseline,summarization-long,8K,25,450.3546076607402,2.757086628060071,4.47
baseline,summarization-long,8K,50,492.6688672716151,2.52028644217561,4.47
baseline,summarization-long,8K,75,505.9459490786254,2.4541488452034392,4.47
baseline,structured-JSON,8K,1,102.05927752787998,12.16613223944756,4.47
baseline,structured-JSON,8K,5,383.79298070911057,3.2352511095239826,4.47
baseline,structured-JSON,8K,25,881.6860126973311,1.4082866789142443,4.47
baseline,structured-JSON,8K,50,1045.2763958113521,1.1878835795415381,4.47
baseline,structured-JSON,8K,75,1115.109371895386,1.1134931675411956,4.47
n-gram,conversational,8K,1,121.95861729347713,10.18104906583814,4.47
n-gram,conversational,8K,5,335.26001179410986,3.7035931008354193,4.47
n-gram,conversational,8K,25,787.8545872651223,1.5760099474407596,4.47
n-gram,conversational,8K,50,873.8406606116212,1.4209302938565431,4.47
n-gram,conversational,8K,73,909.2560896094332,1.36558520845323,4.47
n-gram,code,8K,1,132.2923940319105,9.385775166841125,4.47
n-gram,code,8K,5,392.1297549376467,3.166468881873314,4.47
n-gram,code,8K,25,792.8836971095849,1.5660136173730095,4.47
n-gram,code,8K,50,877.2541810126653,1.4154012526145374,4.47
n-gram,code,8K,73,909.3386888767559,1.365461166290431,4.47
n-gram,summarization-short,8K,1,103.26663180187384,12.023890437802928,4.47
n-gram,summarization-short,8K,5,216.31364145413193,5.7401218819107855,4.47
n-gram,summarization-short,8K,25,293.08504226163177,4.23654055179743,4.47
n-gram,summarization-short,8K,50,302.38947764927764,4.106183443680528,4.47
n-gram,summarization-short,8K,73,305.0527163593383,4.070334732584513,4.47
n-gram,summarization-long,8K,1,131.12070305167205,9.469646194448412,4.47
n-gram,summarization-long,8K,5,286.9392112606368,4.327281242642079,4.47
n-gram,summarization-long,8K,25,442.06488173155026,2.8087882977790697,4.47
n-gram,summarization-long,8K,50,470.0343840331132,2.6416507150234207,4.47
n-gram,summarization-long,8K,73,474.5726188026211,2.616389183597393,4.47
n-gram,structured-JSON,8K,1,142.4935582075044,8.713844206616733,4.47
n-gram,structured-JSON,8K,5,430.15716097044765,2.8865418952120403,4.47
n-gram,structured-JSON,8K,25,898.6181461701301,1.3817511608891873,4.47
n-gram,structured-JSON,8K,50,996.0071895010719,1.2466442810404337,4.47
n-gram,structured-JSON,8K,73,1032.8163524198787,1.202214376018983,4.47
EAGLE3,conversational,8K,1,93.29397725143981,13.309183542686878,4.47
EAGLE3,conversational,8K,5,286.52254164170927,4.333574103985669,4.47
EAGLE3,conversational,8K,25,564.8479189961045,2.198231815872601,4.47
EAGLE3,conversational,8K,50,572.9665826945159,2.1670839175775742,4.47
EAGLE3,conversational,8K,70,578.2533110178623,2.147271175120537,4.47
EAGLE3,code,8K,1,93.73202287468783,13.246984633273891,4.47
EAGLE3,code,8K,5,310.0643785465283,4.004544709350874,4.47
EAGLE3,code,8K,25,558.8655224981028,2.221762869028804,4.47
EAGLE3,code,8K,50,572.1786340299577,2.17006821439903,4.47
EAGLE3,code,8K,70,576.4114546619642,2.154132532627827,4.47
EAGLE3,summarization-short,8K,1,79.07513718949609,15.702365001165031,4.47
EAGLE3,summarization-short,8K,5,186.6860911537928,6.651093603131774,4.47
EAGLE3,summarization-short,8K,25,244.40997712699874,5.080261784982206,4.47
EAGLE3,summarization-short,8K,50,249.31406204093813,4.980331460255865,4.47
EAGLE3,summarization-short,8K,70,251.23305985953482,4.942290108478901,4.47
EAGLE3,summarization-long,8K,1,75.37198202313324,16.47384921210607,4.47
EAGLE3,summarization-long,8K,5,219.66833636747012,5.652460828899602,4.47
EAGLE3,summarization-long,8K,25,304.94832407965026,4.07172812119588,4.47
EAGLE3,summarization-long,8K,50,307.54444220875774,4.0373568702758,4.47
EAGLE3,summarization-long,8K,70,303.29883355075236,4.093872212201875,4.47
EAGLE3,structured-JSON,8K,1,99.08424867582708,12.53142334185744,4.47
EAGLE3,structured-JSON,8K,5,345.84950396099146,3.5901935739272153,4.47
EAGLE3,structured-JSON,8K,25,593.7739928457898,2.091143569147768,4.47
EAGLE3,structured-JSON,8K,50,628.6862708833823,1.9750179448359364,4.47
EAGLE3,structured-JSON,8K,70,630.3194907314064,1.9699004789235834,4.47
separate-draft,conversational,8K,1,128.93076305559956,9.630491879825573,4.47
separate-draft,conversational,8K,5,366.6296969339254,3.386705106134492,4.47
separate-draft,conversational,8K,25,682.6013181571212,1.819021782757325,4.47
separate-draft,conversational,8K,43,707.3768151992351,1.7553115114706535,4.47
separate-draft,code,8K,1,137.44113945412957,9.034170348107946,4.47
separate-draft,code,8K,5,423.63835315356926,2.9309590536921037,4.47
separate-draft,code,8K,25,680.0665261892389,1.8258017691656743,4.47
separate-draft,code,8K,43,711.4528428345716,1.7452550498211747,4.47
separate-draft,summarization-short,8K,1,98.24573261079344,12.638377603489467,4.47
separate-draft,summarization-short,8K,5,213.40476981177918,5.818364171343517,4.47
separate-draft,summarization-short,8K,25,258.4856557075789,4.803619230892046,4.47
separate-draft,summarization-short,8K,43,260.9200099859039,4.75880200500432,4.47
separate-draft,summarization-long,8K,1,110.4449757178062,11.242400648800922,4.47
separate-draft,summarization-long,8K,5,266.59128173351706,4.65756666381847,4.47
separate-draft,summarization-long,8K,25,364.24720805137264,3.4088570597678944,4.47
separate-draft,summarization-long,8K,43,372.2758307297973,3.3353405302529153,4.47
separate-draft,structured-JSON,8K,1,140.5803684651331,8.832432865436871,4.47
separate-draft,structured-JSON,8K,5,424.1753073065271,2.927248817360756,4.47
separate-draft,structured-JSON,8K,25,757.0084612683719,1.6402282539699058,4.47
separate-draft,structured-JSON,8K,43,810.9145782671017,1.5311929270282307,4.47
baseline,conversational,32K,1,100.7073496451336,12.329454315320337,4.47
baseline,conversational,32K,5,364.22846652098775,3.409032463955199,4.47
baseline,conversational,32K,18,660.095862465186,1.881039917489489,4.47
baseline,code,32K,1,100.74678585237226,12.324628087749852,4.47
baseline,code,32K,5,364.25405150066183,3.408793015619788,4.47
baseline,code,32K,18,660.1179832699345,1.8809768831262488,4.47
baseline,summarization-short,32K,1,83.07878949153405,14.945651883784317,4.47
baseline,summarization-short,32K,5,203.3963962519204,6.104664042959627,4.47
baseline,summarization-short,32K,18,273.1593831710973,4.545575745018178,4.47
baseline,summarization-long,32K,1,90.98438809920013,13.647029920263677,4.47
baseline,summarization-long,32K,5,264.03960173377874,4.702577410787767,4.47
baseline,summarization-long,32K,18,391.5867961081609,3.170859382918784,4.47
baseline,structured-JSON,32K,1,102.23084518091667,12.145714578308574,4.47
baseline,structured-JSON,32K,5,384.4027387863438,3.23011919890821,4.47
baseline,structured-JSON,32K,18,728.6310952056789,1.704108807374145,4.47
n-gram,conversational,32K,1,121.73784831888709,10.199512179763305,4.47
n-gram,conversational,32K,5,364.5475844898009,3.4060482622712462,4.47
n-gram,conversational,32K,18,698.2672312114436,1.7782112795304228,4.47
n-gram,code,32K,1,135.68902417820422,9.150826120143297,4.47
n-gram,code,32K,5,411.7116249337678,3.0158649682685397,4.47
n-gram,code,32K,18,656.9558901246373,1.8900304957020757,4.47
n-gram,summarization-short,32K,1,93.66960008734333,13.255812616994838,4.47
n-gram,summarization-short,32K,5,211.7971796569124,5.862526916921306,4.47
n-gram,summarization-short,32K,18,277.9814954995534,4.466724176856807,4.47
n-gram,summarization-long,32K,1,126.06594392236354,9.849342558616264,4.47
n-gram,summarization-long,32K,5,287.2539710385489,4.3225396055535725,4.47
n-gram,summarization-long,32K,18,392.18210022159303,3.1660462473047413,4.47
n-gram,structured-JSON,32K,1,146.71880397420267,8.462900685075015,4.47
n-gram,structured-JSON,32K,5,476.2305211961086,2.6072807419988027,4.47
n-gram,structured-JSON,32K,18,753.0216266987908,1.6489123587460182,4.47
EAGLE3,conversational,32K,1,93.96451680843283,13.214207967440252,4.47
EAGLE3,conversational,32K,5,290.67627529227707,4.27164778211831,4.47
EAGLE3,conversational,32K,17,526.4427088654297,2.3585978982264977,4.47
EAGLE3,code,32K,1,92.73163020305445,13.389893652767551,4.47
EAGLE3,code,32K,5,309.5472484909872,4.01123470720438,4.47
EAGLE3,code,32K,17,522.7022560701187,2.375476004259108,4.47
EAGLE3,summarization-short,32K,1,75.03194899076836,16.548506114634403,4.47
EAGLE3,summarization-short,32K,5,191.03488015906092,6.499685636637773,4.47
EAGLE3,summarization-short,32K,17,240.2062842214077,5.169168120190282,4.47
EAGLE3,summarization-long,32K,1,73.05891923329304,16.995415203197222,4.47
EAGLE3,summarization-long,32K,5,211.55892241895842,5.869129283083345,4.47
EAGLE3,summarization-long,32K,17,277.33134998663246,4.47719548015944,4.47
EAGLE3,structured-JSON,32K,1,91.1123979812539,13.62785629813119,4.47
EAGLE3,structured-JSON,32K,5,325.54825226264563,3.8140787365214157,4.47
EAGLE3,structured-JSON,32K,17,533.680385924558,2.3266110192818497,4.47
separate-draft,conversational,32K,1,128.7796495808482,9.64179255579621,4.47
separate-draft,conversational,32K,5,367.38355448856015,3.3797557116981145,4.47
separate-draft,conversational,32K,10,555.1324718096013,2.236703363107414,4.47
separate-draft,code,32K,1,134.6029157887404,9.224663963561275,4.47
separate-draft,code,32K,5,418.8846936951516,2.964220668254602,4.47
separate-draft,code,32K,10,537.2454313406296,2.311172127733578,4.47
separate-draft,summarization-short,32K,1,92.28991024717726,13.453980650118183,4.47
separate-draft,summarization-short,32K,5,214.66308104783622,5.784258106264531,4.47
separate-draft,summarization-short,32K,10,239.04426568740175,5.194295973158354,4.47
separate-draft,summarization-long,32K,1,105.42072636791643,11.778202536124372,4.47
separate-draft,summarization-long,32K,5,271.0469237933185,4.581002614932737,4.47
separate-draft,summarization-long,32K,10,305.0879170452136,4.069865102139242,4.47
separate-draft,structured-JSON,32K,1,137.974074959007,8.999275168437071,4.47
separate-draft,structured-JSON,32K,5,457.108507567316,2.7163499390433303,4.47
separate-draft,structured-JSON,32K,10,596.0037985872602,2.0833200553584654,4.47
separate-draft-1.7B,conversational,8K,1,133.85971841530275,9.27587986413036,4.47
separate-draft-1.7B,conversational,8K,5,409.5636570379981,3.031681755277101,4.47
separate-draft-1.7B,conversational,8K,25,665.773503943918,1.8649986208692073,4.47
separate-draft-1.7B,conversational,8K,41,695.8405893784482,1.7844125301396565,4.47
separate-draft-1.7B,code,8K,1,131.84206701022336,9.41783373716664,4.47
separate-draft-1.7B,code,8K,5,400.72781661236473,3.098528764894217,4.47
separate-draft-1.7B,code,8K,25,665.6956479069288,1.8652167406692504,4.47
separate-draft-1.7B,code,8K,41,699.9737043092215,1.7738761599509258,4.47
separate-draft-1.7B,summarization-short,8K,1,96.17806448119055,12.910081663262192,4.47
separate-draft-1.7B,summarization-short,8K,5,197.46539602034687,6.288021555628537,4.47
separate-draft-1.7B,summarization-short,8K,25,247.14713090070066,5.0239979001234945,4.47
separate-draft-1.7B,summarization-short,8K,41,249.46924753567404,4.977233382199177,4.47
separate-draft-1.7B,summarization-long,8K,1,110.66223840752873,11.220328492670285,4.47
separate-draft-1.7B,summarization-long,8K,5,277.6696040813561,4.471741409271657,4.47
separate-draft-1.7B,summarization-long,8K,25,361.32928721858286,3.436385343199517,4.47
separate-draft-1.7B,summarization-long,8K,41,365.0515935713112,3.401345696150516,4.47
separate-draft-1.7B,structured-JSON,8K,1,139.41022196733454,8.906568321493697,4.47
separate-draft-1.7B,structured-JSON,8K,5,447.68328041773196,2.7735381707980493,4.47
separate-draft-1.7B,structured-JSON,8K,25,747.8509058938423,1.6603131143935816,4.47
separate-draft-1.7B,structured-JSON,8K,41,793.6588751929972,1.5644840692605189,4.47
baseline,conversational,128K,1,100.37706111952586,12.370024115252077,4.47
baseline,conversational,128K,4,308.18184639885044,4.02900651409459,4.47
baseline,code,128K,1,100.35589477770532,12.372633111557992,4.47
baseline,code,128K,4,308.24546323820516,4.028174992821012,4.47
baseline,summarization-short,128K,1,82.85233401544396,14.986501966682264,4.47
baseline,summarization-short,128K,4,186.48586333373285,6.658234809169394,4.47
baseline,summarization-long,128K,1,90.71427469935495,13.687665704011808,4.47
baseline,summarization-long,128K,4,234.63124178448103,5.291992051967195,4.47
baseline,structured-JSON,128K,1,101.88563011726386,12.186867424165582,4.47
baseline,structured-JSON,128K,4,322.4687300285376,3.8505025481285653,4.47
n-gram,conversational,128K,1,126.09632660077872,9.846969377607536,4.47
n-gram,conversational,128K,4,281.4007034390722,4.412450471842931,4.47
n-gram,code,128K,1,122.3512762162633,10.148375277033855,4.47
n-gram,code,128K,4,344.3274784653734,3.6060632517643585,4.47
n-gram,summarization-short,128K,1,97.27243057148522,12.764836443088257,4.47
n-gram,summarization-short,128K,4,196.81368839587864,6.308843032142817,4.47
n-gram,summarization-long,128K,1,118.18998053951876,10.505684669704257,4.47
n-gram,summarization-long,128K,4,247.40324192693083,5.018797073942087,4.47
n-gram,structured-JSON,128K,1,134.70359586142646,9.217769271311846,4.47
n-gram,structured-JSON,128K,4,358.24446092330334,3.4659758966447645,4.47
EAGLE3,conversational,128K,1,94.18591268700328,13.183146303343136,4.47
EAGLE3,conversational,128K,4,250.68290424757072,4.953136594589694,4.47
EAGLE3,code,128K,1,95.12520372090881,13.052972483608404,4.47
EAGLE3,code,128K,4,286.68138277009473,4.331173007011851,4.47
EAGLE3,summarization-short,128K,1,75.86282837008902,16.367260400697468,4.47
EAGLE3,summarization-short,128K,4,176.60712852720795,7.030671281625965,4.47
EAGLE3,summarization-long,128K,1,72.14680211115095,17.210280017037036,4.47
EAGLE3,summarization-long,128K,4,184.1687663142047,6.7420045837104485,4.47
EAGLE3,structured-JSON,128K,1,95.4683750419716,13.006052172992176,4.47
EAGLE3,structured-JSON,128K,4,295.1153902423773,4.207393811779487,4.47
separate-draft,conversational,128K,1,131.86566292539572,9.41614851903601,4.47
separate-draft,conversational,128K,2,242.6491160449144,5.117128332900392,4.47
separate-draft,code,128K,1,128.48213271184684,9.664119363985133,4.47
separate-draft,code,128K,2,238.73958398013983,5.200924982636972,4.47
separate-draft,summarization-short,128K,1,89.99538115524379,13.797004365421456,4.47
separate-draft,summarization-short,128K,2,144.4594454944222,8.595261198857427,4.47
separate-draft,summarization-long,128K,1,108.86300726111361,11.405772244454576,4.47
separate-draft,summarization-long,128K,2,168.93929274660067,7.349780187188873,4.47
separate-draft,structured-JSON,128K,1,137.75032712579485,9.01389268958153,4.47
separate-draft,structured-JSON,128K,2,242.33156040581088,5.1238339099841514,4.47
